fiscal_year,total_obligations
2024,73120142390.67
2023,70442375258.44
2022,66133619975.34
2021,61355378733.41
2020,57332709229.28999
2019,43468788375.67
2025,15206972338.359999
2026,0